<?xml version="1.0" encoding="UTF-8"?>
<ttord:MessageHeader xmlns:xsi="http://www.w3.org/2001/XMLSchema-instance" xmlns:ttord="http://www.agroconnect.nl/Portals/10/XSDs/TandT_CPP/v2018p01/TandT_CPP_Order_v2018p01" xsi:schemaLocation="http://www.agroconnect.nl/Portals/10/XSDs/TandT_CPP/v2018p01/TandT_CPP_Order_v2018p01 http://www.agroconnect.nl/Portals/10/XSDs/TandT_CPP/v2018p01/TandT_CPP_Order_v2018p01.xsd">
   <ttord:MessageID schemeID="REF">IO0000330366</ttord:MessageID>
   <ttord:SendingDateTime>2018-05-14T12:43:13Z</ttord:SendingDateTime>
   <ttord:SendingPartyID schemeID="GLN">8719324290005</ttord:SendingPartyID>
   <ttord:ReceivingPartyID schemeID="GLN">8718077000008</ttord:ReceivingPartyID>
   <ttord:MessageType>101</ttord:MessageType>
   <ttord:MessagePurposeCode>53</ttord:MessagePurposeCode>
   <ttord:Order>
      <ttord:OrderID schemeID="REF">0000330366</ttord:OrderID>
      <ttord:OrderStatusCode>101</ttord:OrderStatusCode>
      <ttord:OrderDateTime>2018-05-11T00:00:00Z</ttord:OrderDateTime>
      <ttord:DeliveryTypeCode>101</ttord:DeliveryTypeCode>
      <ttord:DeliveryReferenceID schemeID="REF">TestKA</ttord:DeliveryReferenceID>
      <ttord:CurrencyID>EUR</ttord:CurrencyID>
      <ttord:TradeParty>
         <ttord:GlobalID schemeID="GLN">8719324290005</ttord:GlobalID>
         <ttord:TradePartyRoleCode>IV</ttord:TradePartyRoleCode>
         <ttord:TradePartyName>Holland Fyto</ttord:TradePartyName>
         <ttord:PostBoxNumber>Postbus 1077</ttord:PostBoxNumber>
         <ttord:PostalCodePostBox>8300 BB</ttord:PostalCodePostBox>
         <ttord:CityNamePostBox>EMMELOORD</ttord:CityNamePostBox>
         <ttord:CountryCodePostBox>NLD</ttord:CountryCodePostBox>
         <ttord:VATNumber>NL009578468B01</ttord:VATNumber>
      </ttord:TradeParty>
      <ttord:TradeParty>
         <ttord:GlobalID schemeID="GLN">8719324290012</ttord:GlobalID>
         <ttord:TradePartyRoleCode>ST</ttord:TradePartyRoleCode>
         <ttord:TradePartyName>Profytodsd</ttord:TradePartyName>
         <ttord:StreetNameAndNumber>Revisieweg 3</ttord:StreetNameAndNumber>
         <ttord:PostalCodeLocation>8304 BE</ttord:PostalCodeLocation>
         <ttord:CityName>EMMELOORD</ttord:CityName>
         <ttord:CountryCode>NLD</ttord:CountryCode>
         <ttord:VATNumber>NL808842432B01</ttord:VATNumber>
      </ttord:TradeParty>
      <ttord:TradeParty>
         <ttord:GlobalID schemeID="GLN">8719324290012</ttord:GlobalID>
         <ttord:LocalID schemeID="REF">100009</ttord:LocalID>
         <ttord:TradePartyRoleCode>OB</ttord:TradePartyRoleCode>
         <ttord:TradePartyName>Profytodsd</ttord:TradePartyName>
      </ttord:TradeParty>
      <ttord:OrderLine>
         <ttord:OrderLineID schemeID="REF">0000330366-0001</ttord:OrderLineID>
         <ttord:OrderedQuantity unitCode="NBR">10</ttord:OrderedQuantity>
         <ttord:PreSale>N</ttord:PreSale>
         <ttord:ProductUnit>
            <ttord:ProductUnitID_GTIN schemeID="GTIN">08718077000534</ttord:ProductUnitID_GTIN>
            <ttord:ProductUnitTypeCode>103</ttord:ProductUnitTypeCode>
            <ttord:SupplierProductUnitID schemeID="REF">15200021/0005NL</ttord:SupplierProductUnitID>
            <ttord:ProductUnitName>Goltix WG</ttord:ProductUnitName>
         </ttord:ProductUnit>
         <ttord:Timing>
            <ttord:EventTypeCode>102</ttord:EventTypeCode>
            <ttord:EventDateTime>2018-05-15T00:00:00Z</ttord:EventDateTime>
         </ttord:Timing>
      </ttord:OrderLine>
      <ttord:OrderLine>
         <ttord:OrderLineID schemeID="REF">0000330366-0002</ttord:OrderLineID>
         <ttord:OrderedQuantity unitCode="NBR">20</ttord:OrderedQuantity>
         <ttord:PreSale>N</ttord:PreSale>
         <ttord:ProductUnit>
            <ttord:ProductUnitID_GTIN schemeID="GTIN">08718077002149</ttord:ProductUnitID_GTIN>
            <ttord:ProductUnitTypeCode>103</ttord:ProductUnitTypeCode>
            <ttord:SupplierProductUnitID schemeID="REF">15200040/0005NL</ttord:SupplierProductUnitID>
            <ttord:ProductUnitName>Goltix SC</ttord:ProductUnitName>
         </ttord:ProductUnit>
         <ttord:Timing>
            <ttord:EventTypeCode>102</ttord:EventTypeCode>
            <ttord:EventDateTime>2018-05-15T00:00:00Z</ttord:EventDateTime>
         </ttord:Timing>
      </ttord:OrderLine>
      <ttord:OrderLine>
         <ttord:OrderLineID schemeID="REF">0000330366-0003</ttord:OrderLineID>
         <ttord:OrderedQuantity unitCode="NBR">30</ttord:OrderedQuantity>
         <ttord:PreSale>N</ttord:PreSale>
         <ttord:ProductUnit>
            <ttord:ProductUnitID_GTIN schemeID="GTIN">08718077006352</ttord:ProductUnitID_GTIN>
            <ttord:ProductUnitTypeCode>103</ttord:ProductUnitTypeCode>
            <ttord:SupplierProductUnitID schemeID="REF">15200041/0005NL</ttord:SupplierProductUnitID>
            <ttord:ProductUnitName>Goltix Queen</ttord:ProductUnitName>
         </ttord:ProductUnit>
         <ttord:Timing>
            <ttord:EventTypeCode>102</ttord:EventTypeCode>
            <ttord:EventDateTime>2018-05-15T00:00:00Z</ttord:EventDateTime>
         </ttord:Timing>
      </ttord:OrderLine>
      <ttord:OrderLine>
         <ttord:OrderLineID schemeID="REF">0000330366-0004</ttord:OrderLineID>
         <ttord:OrderedQuantity unitCode="NBR">50</ttord:OrderedQuantity>
         <ttord:PreSale>N</ttord:PreSale>
         <ttord:ProductUnit>
            <ttord:ProductUnitID_GTIN schemeID="GTIN">08718077001555</ttord:ProductUnitID_GTIN>
            <ttord:ProductUnitTypeCode>103</ttord:ProductUnitTypeCode>
            <ttord:SupplierProductUnitID schemeID="REF">15416040/0010NL</ttord:SupplierProductUnitID>
            <ttord:ProductUnitName>Spirit</ttord:ProductUnitName>
         </ttord:ProductUnit>
         <ttord:Timing>
            <ttord:EventTypeCode>102</ttord:EventTypeCode>
            <ttord:EventDateTime>2018-05-15T00:00:00Z</ttord:EventDateTime>
         </ttord:Timing>
      </ttord:OrderLine>
   </ttord:Order>
</ttord:MessageHeader>
