<?xml version="1.0" encoding="UTF-8"?>
<!--Sample XML file generated by XMLSpy v2017 rel. 3 sp1 (http://www.altova.com)-->
<ttinv:MessageHeader xmlns:xsi="http://www.w3.org/2001/XMLSchema-instance" xmlns:ttinv="http://www.agroconnect.nl/Portals/10/XSDs/TandT_CPP/v2018p01/TandT_CPP_Invoice_v2018p01" 
xsi:schemaLocation="http://www.agroconnect.nl/Portals/10/XSDs/TandT_CPP/v2018p01/TandT_CPP_Invoice_v2018p01 http://www.agroconnect.nl/Portals/10/XSDs/TandT_CPP/v2018p01/TandT_CPP_Invoice_v2018p01.xsd">
	<ttinv:MessageID schemeID="REF">MES123456</ttinv:MessageID>
	<ttinv:SendingDateTime>2019-02-04T09:30:47Z</ttinv:SendingDateTime>
	<ttinv:SendingPartyID schemeID="GLN">8719333007229</ttinv:SendingPartyID><!--GLN sending party-->
	<ttinv:ReceivingPartyID schemeID="GLN">8719324290005</ttinv:ReceivingPartyID><!--GLN van departij die het bericht evrstuurd-->
	<ttinv:MessageType>106</ttinv:MessageType><!-- = Invoice-->
	<ttinv:MessagePurposeCode>53</ttinv:MessagePurposeCode>
	<ttinv:Invoice>
		<ttinv:InvoiceID schemeID="REF">tINV123456</ttinv:InvoiceID>
		<ttinv:InvoiceStatusCode>101</ttinv:InvoiceStatusCode><!--101= original-->
		<ttinv:OrderReferenceID schemeID="REF">ORDERNR345678</ttinv:OrderReferenceID>
		<ttinv:InvoiceDateTime>2019-02-04T09:30:47Z</ttinv:InvoiceDateTime>
		<ttinv:ToBePayedDateTime>2019-03-01T09:30:47Z</ttinv:ToBePayedDateTime>
		<ttinv:CurrencyID>EUR</ttinv:CurrencyID>
		<ttinv:TotalAmountTaxExcluded>2000</ttinv:TotalAmountTaxExcluded>
		<ttinv:TotalTax>
			<ttinv:TaxPercentage>21.5</ttinv:TaxPercentage>
			<ttinv:TaxAmount>200</ttinv:TaxAmount>
		</ttinv:TotalTax>
		<ttinv:TotalAmountTaxIncluded>2200</ttinv:TotalAmountTaxIncluded>
		<ttinv:TradeParty>
			<ttinv:GlobalID schemeID="GLN">8719333007229</ttinv:GlobalID><!--GLN selling party-->
			<ttinv:TradePartyRoleCode>SE</ttinv:TradePartyRoleCode><!--= seller-->
			<ttinv:TradePartyName>Firm X</ttinv:TradePartyName>
			<ttinv:StreetNameAndNumber>Street Y</ttinv:StreetNameAndNumber>
			<ttinv:PostalCodeLocation>1234rt</ttinv:PostalCodeLocation>
			<ttinv:CityName>Cityname</ttinv:CityName>
			<ttinv:CountryCode>NL</ttinv:CountryCode>
			<ttinv:VATNumber>123456</ttinv:VATNumber>
			<ttinv:IBAN>123456g</ttinv:IBAN>
			<ttinv:Bic>123456</ttinv:Bic>
		</ttinv:TradeParty>
		<ttinv:TradeParty>
			<ttinv:GlobalID schemeID="GLN">8719333007123</ttinv:GlobalID><!--GLN buying party-->
			<ttinv:TradePartyRoleCode>BY</ttinv:TradePartyRoleCode><!--= buyer-->
			<ttinv:TradePartyName>Firm X</ttinv:TradePartyName>
			<ttinv:StreetNameAndNumber>Street Y</ttinv:StreetNameAndNumber>
			<ttinv:PostalCodeLocation>1234rt</ttinv:PostalCodeLocation>
			<ttinv:CityName>Cityname</ttinv:CityName>
			<ttinv:CountryCode>NL</ttinv:CountryCode>
			<ttinv:VATNumber>123456</ttinv:VATNumber>
			<ttinv:IBAN>123456g</ttinv:IBAN>
			<ttinv:Bic>123456</ttinv:Bic>
		</ttinv:TradeParty>
		<ttinv:InvoiceLine>
			<ttinv:InvoiceLineID schemeID="REF">1</ttinv:InvoiceLineID>
			<ttinv:InvoicedQuantity unitCode="NBR">100</ttinv:InvoicedQuantity>
			<ttinv:DeliveryDate>2019-01-01T09:30:47Z</ttinv:DeliveryDate>
			<ttinv:TaxPercentage>21.5</ttinv:TaxPercentage>
			<ttinv:InvoiceLineTotalAmount>120</ttinv:InvoiceLineTotalAmount>
			<ttinv:ProductUnit>
				<ttinv:ProductUnitID_GTIN schemeID="GTIN">123456</ttinv:ProductUnitID_GTIN>
				<ttinv:ProductUnitTypeCode>103</ttinv:ProductUnitTypeCode><!--= consumer unit-->
				<ttinv:ProductUnitName>GBM brand X</ttinv:ProductUnitName>
				<ttinv:ProductUnitPrice>100</ttinv:ProductUnitPrice>
			</ttinv:ProductUnit>
		</ttinv:InvoiceLine>
	</ttinv:Invoice>
</ttinv:MessageHeader>
