<?xml version="1.0" encoding="UTF-8"?>
<!--Example TandT_CPP_TransportOrder_ADAMA_Farmusol_3jul18, AgroConnect, Conny Graumans-->
<ttord:MessageHeader xmlns:xsi="http://www.w3.org/2001/XMLSchema-instance" xmlns:ttord="http://www.agroconnect.nl/Portals/10/XSDs/TandT_CPP/v2018p01/TandT_CPP_Order_v2018p01" xsi:schemaLocation="http://www.agroconnect.nl/Portals/10/XSDs/TandT_CPP/v2018p01/TandT_CPP_Order_v2018p01 http://www.agroconnect.nl/Portals/10/XSDs/TandT_CPP/v2018p01/TandT_CPP_Order_v2018p01.xsd">
	<ttord:MessageID schemeID="REF">MES3809371_01</ttord:MessageID>
	<ttord:SendingDateTime>2018-01-10T09:30:47Z</ttord:SendingDateTime>
	<ttord:SendingPartyID schemeID="GLN">8718077000008</ttord:SendingPartyID><!--GLN ADAMA-->
	<ttord:ReceivingPartyID schemeID="GLN">8719333007229</ttord:ReceivingPartyID><!--GLN Farmusol-->
	<ttord:MessageType>103</ttord:MessageType><!--= Transport Order-->
	<ttord:MessagePurposeCode>53</ttord:MessagePurposeCode><!--53= test-->
	<ttord:Order>
		<ttord:OrderID schemeID="REF">3809371</ttord:OrderID><!--ADAMA-ID for the transport order-->
		<ttord:OrderStatusCode>101</ttord:OrderStatusCode><!--101= original-->		
		<ttord:OrderDateTime>2018-06-18T09:30:47Z</ttord:OrderDateTime>
		<ttord:DeliveryTypeCode>101</ttord:DeliveryTypeCode><!--= Normal-->
		<ttord:TradeParty>
			<ttord:GlobalID schemeID="GLN">8718077000008</ttord:GlobalID><!--GLN ADAMA-->
			<ttord:TradePartyRoleCode>OB</ttord:TradePartyRoleCode><!--= OrderedBy-->
			<ttord:TradePartyName>ADAMA</ttord:TradePartyName>
			<ttord:StreetNameAndNumber>Arnhemseweg 87</ttord:StreetNameAndNumber>
			<ttord:PostalCodeLocation>3832GK</ttord:PostalCodeLocation>
			<ttord:CityName>LEUSDEN</ttord:CityName>
			<ttord:CountryCode>NL</ttord:CountryCode>
			<ttord:PersonToContact>Annika Goudswaard-Blankert</ttord:PersonToContact>
		</ttord:TradeParty>
		<ttord:TradeParty>
			<ttord:GlobalID schemeID="GLN">8719333007229</ttord:GlobalID><!--Farmusol-->
			<ttord:TradePartyRoleCode>WH</ttord:TradePartyRoleCode><!--= WarehouseKeeper-->
			<ttord:TradePartyName>Farmusol B.V.</ttord:TradePartyName>
			<ttord:StreetNameAndNumber>Industriestraat 10</ttord:StreetNameAndNumber>
			<ttord:PostalCodeLocation>6827BD</ttord:PostalCodeLocation>
			<ttord:CityName>Arnhem</ttord:CityName>
			<ttord:CountryCode>NL</ttord:CountryCode>
			<ttord:PersonToContact>Floris Rhemrev</ttord:PersonToContact>
		</ttord:TradeParty>
		<ttord:TradeParty>
			<ttord:GlobalID schemeID="GLN">8719333007229</ttord:GlobalID><!--Farmusol-->
			<ttord:TradePartyRoleCode>SF</ttord:TradePartyRoleCode><!--= ShippedFrom-->
			<ttord:TradePartyName>Farmusol B.V.</ttord:TradePartyName>
			<ttord:StreetNameAndNumber>Industriestraat 10</ttord:StreetNameAndNumber>
			<ttord:PostalCodeLocation>6827BD</ttord:PostalCodeLocation>
			<ttord:CityName>Arnhem</ttord:CityName>
			<ttord:CountryCode>NL</ttord:CountryCode>
			<ttord:PersonToContact>Floris Rhemrev</ttord:PersonToContact>
		</ttord:TradeParty>	
		<ttord:TradeParty>
			<ttord:GlobalID schemeID="GLN">8719324290005</ttord:GlobalID><!--GLN Holland Fyto-->
			<ttord:TradePartyRoleCode>ST</ttord:TradePartyRoleCode><!--= ShippedTo-->
			<ttord:TradePartyName>Holland Fyto</ttord:TradePartyName>
			<ttord:PostBoxNumber>Postbus 1077</ttord:PostBoxNumber>
			<ttord:PostalCodePostBox>8300 BB</ttord:PostalCodePostBox>
			<ttord:CityNamePostBox>EMMELOORD</ttord:CityNamePostBox>
			<ttord:CountryCodePostBox>NLD</ttord:CountryCodePostBox>
		</ttord:TradeParty>
		<ttord:TradeParty>
			<ttord:GlobalID schemeID="GLN">871932429999</ttord:GlobalID><!--GLN Vervoerder-->
			<ttord:TradePartyRoleCode>OS</ttord:TradePartyRoleCode><!--= ShippedBy-->
			<ttord:TradePartyName>Vervoerder X</ttord:TradePartyName>
			<ttord:PostBoxNumber>Postbus xxxx</ttord:PostBoxNumber>
			<ttord:PostalCodePostBox>xxxxxx</ttord:PostalCodePostBox>
			<ttord:CityNamePostBox>xxxxx</ttord:CityNamePostBox>
			<ttord:CountryCodePostBox>NLD</ttord:CountryCodePostBox>
		</ttord:TradeParty>
		<ttord:TradeParty>
			<ttord:GlobalID schemeID="GLN">8719324290005</ttord:GlobalID><!--GLN Holland Fyto-->
			<ttord:TradePartyRoleCode>IV</ttord:TradePartyRoleCode><!--= ToBeInvoiced-->
			<ttord:TradePartyName>Holland Fyto</ttord:TradePartyName>
			<ttord:PostBoxNumber>Postbus 1077</ttord:PostBoxNumber>
			<ttord:PostalCodePostBox>8300 BB</ttord:PostalCodePostBox>
			<ttord:CityNamePostBox>EMMELOORD</ttord:CityNamePostBox>
			<ttord:CountryCodePostBox>NLD</ttord:CountryCodePostBox>
			<ttord:VATNumber>NL009578468B01</ttord:VATNumber>
		</ttord:TradeParty>
		<ttord:OrderLine>
			<ttord:OrderLineID schemeID="REF">3809371_001</ttord:OrderLineID>
			<ttord:OrderedQuantity unitCode="NBR">200</ttord:OrderedQuantity><!--betreft 200 dozen-->
			<ttord:ProductUnit>
				<ttord:ProductUnitID_GTIN schemeID="GTIN">08718077002453</ttord:ProductUnitID_GTIN>
				<ttord:ProductUnitTypeCode>102</ttord:ProductUnitTypeCode><!--= TradeUnit-->
				<ttord:SupplierProductUnitID schemeID="REF">15200021/0005NL</ttord:SupplierProductUnitID>
				<ttord:BatchID>BatchNummer</ttord:BatchID><!--in de TransportOrder kan eventueel verwezen worden naar een specifiek batchnummer waarvan afgeleverd moet worden-->
				<ttord:ProductUnitName>Captosan 500 SC</ttord:ProductUnitName>
			</ttord:ProductUnit>			
		</ttord:OrderLine>
		<ttord:Timing>
			<ttord:EventTypeCode>101</ttord:EventTypeCode><!-- = Load-->
			<ttord:EventBeginDateTime>2018-07-15T08:00:47Z</ttord:EventBeginDateTime>
			<ttord:EventEndDateTime>2018-07-15T09:30:47Z</ttord:EventEndDateTime>			
		</ttord:Timing>		
		<ttord:Timing>
			<ttord:EventTypeCode>102</ttord:EventTypeCode><!-- = Deliver-->
			<ttord:EventBeginDateTime>2018-07-15T13:00:47Z</ttord:EventBeginDateTime>
			<ttord:EventEndDateTime>2018-07-15T14:30:47Z</ttord:EventEndDateTime><!-- moet uiterlijk om 14:30 uur zijn afgeleverd-->		
		</ttord:Timing>		
		<ttord:Remark>
			<ttord:TextFunctionTypeCode>103</ttord:TextFunctionTypeCode><!-- = DeliverInstruction-->
			<ttord:TextLines>Loods nr. 10 van Holland Fyto</ttord:TextLines>
		</ttord:Remark>
		<ttord:MeansOfTransportation>
			<ttord:transportMeansTypeCode>3105</ttord:transportMeansTypeCode><!--3105= Lorry, articulated, flat bed, 25 tonne-->
		</ttord:MeansOfTransportation>	
	</ttord:Order>
</ttord:MessageHeader>
