<?xml version="1.0" encoding="UTF-8"?>
<!-- Example DespatchAdvice mixed pallet from Farmusol to Holland Fyto-->
<ttdesp:MessageHeader xmlns:xsi="http://www.w3.org/2001/XMLSchema-instance" xmlns:ttdesp="http://www.agroconnect.nl/Portals/10/XSDs/TandT_CPP/v2018p01/TandT_CPP_DespatchAdvice_v2018p01" xsi:schemaLocation="http://www.agroconnect.nl/Portals/10/XSDs/TandT_CPP/v2018p01/TandT_CPP_DespatchAdvice_v2018p01 http://www.agroconnect.nl/Portals/10/XSDs/TandT_CPP/v2018p01/TandT_CPP_DespatchAdvice_v2018p01.xsd">
	<ttdesp:MessageID schemeID="REF">DAIO0000337298-D1</ttdesp:MessageID>
	<ttdesp:SendingDateTime>2019-11-20T10:00:51Z</ttdesp:SendingDateTime>
	<ttdesp:SendingPartyID schemeID="GLN">8719333007229</ttdesp:SendingPartyID><!--GLN Farmusol-->
	<ttdesp:ReceivingPartyID schemeID="GLN">8719324290005</ttdesp:ReceivingPartyID><!--GLN Holland Fyto-->
	<ttdesp:MessageType>102</ttdesp:MessageType><!--102= Deliver-->
	<ttdesp:MessagePurposeCode>53</ttdesp:MessagePurposeCode><!--53= test-->
	<ttdesp:Delivery>
		<ttdesp:DeliveryID schemeID="REF">DAIO0000337298-D2</ttdesp:DeliveryID><!--Generated Adama-->
		<ttdesp:DeliveryStatusCode>101</ttdesp:DeliveryStatusCode><!--101= original-->
		<ttdesp:DeliveryDateTime>2019-11-25T10:00:51Z</ttdesp:DeliveryDateTime>
		<ttdesp:Remark>
			<ttdesp:TextFunctionTypeCode>103</ttdesp:TextFunctionTypeCode><!--103= DeliverInstruction-->
			<ttdesp:TextLines>Loods 13, stelling 5</ttdesp:TextLines>
		</ttdesp:Remark>
		<ttdesp:TradeParty>
			<ttdesp:GlobalID schemeID="GLN">8719333007229</ttdesp:GlobalID><!--GLN Farmusol-->
			<ttdesp:TradePartyRoleCode>SF</ttdesp:TradePartyRoleCode><!--SF= ShippedFrom-->
			<ttdesp:TradePartyName>Farmusol B.V.</ttdesp:TradePartyName>
			<ttdesp:StreetNameAndNumber>Industriestraat 10</ttdesp:StreetNameAndNumber>
			<ttdesp:PostalCodeLocation>6827BD</ttdesp:PostalCodeLocation>
			<ttdesp:CityName>Arnhem</ttdesp:CityName>
			<ttdesp:CountryCode>NL</ttdesp:CountryCode>
			<ttdesp:PersonToContact>Floris Rhemrev</ttdesp:PersonToContact>
		</ttdesp:TradeParty>		
		<ttdesp:TradeParty>
			 <ttdesp:GlobalID schemeID="GLN">8719324290227</ttdesp:GlobalID>
			 <ttdesp:TradePartyRoleCode>ST</ttdesp:TradePartyRoleCode><!--ST= ShippedTo-->
			 <ttdesp:TradePartyName>C.V. Holland Fyto U.A.</ttdesp:TradePartyName>
			 <ttdesp:StreetNameAndNumber>Revisieweg 3</ttdesp:StreetNameAndNumber>
			 <ttdesp:PostalCodeLocation>8304 BE</ttdesp:PostalCodeLocation>
			 <ttdesp:CityName>EMMELOORD</ttdesp:CityName>
			 <ttdesp:CountryCode>NL</ttdesp:CountryCode>
			 <ttdesp:PersonToContact>Richard van der Zwaag</ttdesp:PersonToContact>
		</ttdesp:TradeParty>
		<ttdesp:DeliveryLine>
			<ttdesp:DeliveryLineID schemeID="REF">DAIO0000337298-D2-001</ttdesp:DeliveryLineID>
			<ttdesp:DeliveryLineQuantity unitCode="NBR">1</ttdesp:DeliveryLineQuantity><!--in this case 1 mixed pallet-->
			<ttdesp:OrderReferenceID schemeID="REF">IO0000337298</ttdesp:OrderReferenceID>
			<ttdesp:OrderLineReferenceID schemeID="REF">IO0000337298-002</ttdesp:OrderLineReferenceID>
			<ttdesp:ProductUnit>
			 <ttdesp:ProductUnitID_SSCC schemeID="SSCC">4896512765432</ttdesp:ProductUnitID_SSCC><!--Farmusol SSCC of the mixed pallet-->
			 <ttdesp:ProductUnitTypeCode>101</ttdesp:ProductUnitTypeCode><!--= LogisticUnit-->
			 <ttdesp:ProductUnitName>Mix pallet pallet Goltix SC en Mirador Xtra</ttdesp:ProductUnitName>
			 <ttdesp:PackageTypeCode>PA</ttdesp:PackageTypeCode><!--PA= pallet-->
			</ttdesp:ProductUnit>
			<ttdesp:PackageProductUnitFirstLevel>
				<ttdesp:Quantity>4</ttdesp:Quantity><!--number of TradeUnits on the pallet. 80ltr=4 trade units of 20ltr=16 consumer units of 5ltr)-->
				<ttdesp:ProductUnit>
					<ttdesp:ProductUnitID_GTIN schemeID="GTIN">08718077002156</ttdesp:ProductUnitID_GTIN>
					<ttdesp:ProductUnitTypeCode>102</ttdesp:ProductUnitTypeCode><!--102= TradeUnit-->
					<ttdesp:BatchID>1903034780</ttdesp:BatchID><!--reference to a specific batch number-->
					<ttdesp:ProductUnitName>Goltix SC</ttdesp:ProductUnitName>
					<ttdesp:PackageTypeCode>BX</ttdesp:PackageTypeCode><!--BX= Box-->
					<ttdesp:ProductionDate>2019-03-22T09:30:47Z</ttdesp:ProductionDate>
				</ttdesp:ProductUnit>
				<ttdesp:PackageProductUnitSecondLevel>
					<ttdesp:Quantity>4</ttdesp:Quantity><!--4 ConsumerUnits in each TradeUnit-->
					<ttdesp:ProductUnit>
						<ttdesp:ProductUnitID_GTIN schemeID="GTIN">08718077002149</ttdesp:ProductUnitID_GTIN><!--GTIN ConsumerUnit differs from GTIN TradeUnit-->
						<ttdesp:ProductUnitTypeCode>103</ttdesp:ProductUnitTypeCode><!--103= ConsumerUnit-->
						<ttdesp:BatchID>1903034780</ttdesp:BatchID>
						<ttdesp:ProductUnitName>Goltix SC</ttdesp:ProductUnitName>
						<ttdesp:PackageTypeCode>3H</ttdesp:PackageTypeCode><!--3H= Jerrican, plastic-->
						<ttdesp:ProductionDate>2019-03-22T09:30:47Z</ttdesp:ProductionDate>
						<ttdesp:ExpiryDate>2021-12-17T09:30:47Z</ttdesp:ExpiryDate>
					</ttdesp:ProductUnit>
				</ttdesp:PackageProductUnitSecondLevel>					
			</ttdesp:PackageProductUnitFirstLevel>   
			<ttdesp:PackageProductUnitFirstLevel>
				<ttdesp:Quantity>4</ttdesp:Quantity><!--number of TradeUnits on the pallet. 80ltr=4 trade units of 20ltr=16 consumer units of 5ltr)-->
				<ttdesp:ProductUnit>
					<ttdesp:ProductUnitID_GTIN schemeID="GTIN">08718077012896</ttdesp:ProductUnitID_GTIN>
					<ttdesp:ProductUnitTypeCode>102</ttdesp:ProductUnitTypeCode><!-- = TradeUnit-->
					<ttdesp:BatchID>1901010032</ttdesp:BatchID><!--reference to a specific batch number-->
					<ttdesp:ProductUnitName>Mirador Xtra</ttdesp:ProductUnitName>
					<ttdesp:PackageTypeCode>BX</ttdesp:PackageTypeCode><!--BX= Box-->
					<ttdesp:ProductionDate>2019-01-24T09:30:47Z</ttdesp:ProductionDate>
				</ttdesp:ProductUnit>
				<ttdesp:PackageProductUnitSecondLevel>
					<ttdesp:Quantity>4</ttdesp:Quantity><!--4 ConsumerUnits in each TradeUnit-->
					<ttdesp:ProductUnit>
						<ttdesp:ProductUnitID_GTIN schemeID="GTIN">08718077012889</ttdesp:ProductUnitID_GTIN><!--GTIN ConsumerUnit differs from GTIN TradeUnit-->
						<ttdesp:ProductUnitTypeCode>103</ttdesp:ProductUnitTypeCode><!--103= ConsumerUnit-->
						<ttdesp:BatchID>1901010032</ttdesp:BatchID>
						<ttdesp:ProductUnitName>Mirador Xtra</ttdesp:ProductUnitName>
						<ttdesp:PackageTypeCode>3H</ttdesp:PackageTypeCode><!--3H= Jerrican, plastic-->
						<ttdesp:ProductionDate>2019-01-24T09:30:47Z</ttdesp:ProductionDate>
						<ttdesp:ExpiryDate>2021-12-17T09:30:47Z</ttdesp:ExpiryDate>
					</ttdesp:ProductUnit>
				</ttdesp:PackageProductUnitSecondLevel>			
			</ttdesp:PackageProductUnitFirstLevel>  			
		</ttdesp:DeliveryLine>
	</ttdesp:Delivery>
</ttdesp:MessageHeader>
