<?xml version="1.0" encoding="UTF-8"?>
<!--Example TandT_CPP_TransportOrder_Acknowledgement_12nov19, AgroConnect, Conny Graumans-->
<ttord:MessageHeader xmlns:xsi="http://www.w3.org/2001/XMLSchema-instance" xmlns:ttord="http://www.agroconnect.nl/Portals/10/XSDs/TandT_CPP/v2018p01/TandT_CPP_Acknowledgement_v2018p01" xsi:schemaLocation="http://www.agroconnect.nl/Portals/10/XSDs/TandT_CPP/v2018p01/TandT_CPP_Acknowledgement_v2018p01 http://www.agroconnect.nl/Portals/10/XSDs/TandT_CPP/v2018p01/TandT_CPP_Acknowledgement_v2018p01.xsd">
	<ttord:MessageID schemeID="REF">ACK3809371>token</ttord:MessageID>
	<ttord:SendingDateTime>2019-11-12T15:25:47Z</ttord:SendingDateTime>
	<ttord:SendingPartyID schemeID="GLN">8719333007229</ttord:SendingPartyID><!--GLN Farmusol-->
	<ttord:ReceivingPartyID schemeID="GLN">8718077000008</ttord:ReceivingPartyID><!--GLN ADAMA-->
	<ttord:MesssageType>104</ttord:MesssageType><!--104= Acknowledgement-->
	<ttord:Order>
		<ttord:OrderID schemeID="REF">3809371</ttord:OrderID><!--reference to the TransportOrder message that was received-->
		<ttord:OrderStatusCode>104</ttord:OrderStatusCode><!--104= mesage was not accepted-->
		<ttord:OrderDateTime>2019-11-12T13:00:47Z</ttord:OrderDateTime><!--DateTime of the orriginal TransportOrder-->
		<ttord:TradeParty>
			<ttord:GlobalID schemeID="GLN">8719333007229</ttord:GlobalID><!--Farmusol-->
			<ttord:TradePartyRoleCode>WH</ttord:TradePartyRoleCode><!--= WarehouseKeeper that accepted or declined the TransportOrder-->
			<ttord:TradePartyName>Farmusol B.V.</ttord:TradePartyName>
		</ttord:TradeParty>
		<ttord:Remark>
			<ttord:TextFunctionTypeCode>107</ttord:TextFunctionTypeCode><!--107= AcknowledgementRemark-->
			<ttord:TextLines>String</ttord:TextLines>
		</ttord:Remark>		
	</ttord:Order>
</ttord:MessageHeader>
