<?xml version="1.0" encoding="UTF-8"?>
<!--Sample XML file generated by XMLSpy v2017 rel. 3 sp1 (http://www.altova.com)-->
<ttinv:MessageHeader xmlns:xsi="http://www.w3.org/2001/XMLSchema-instance" xmlns:ttinv="http://www.agroconnect.nl/Portals/10/XSDs/TandT_CPP/v2018p01/TandT_CPP_Invoice_v2018p01" 
xsi:schemaLocation="http://www.agroconnect.nl/Portals/10/XSDs/TandT_CPP/v2018p01/TandT_CPP_Invoice_v2018p01 http://www.agroconnect.nl/Portals/10/XSDs/TandT_CPP/v2018p01/TandT_CPP_Invoice_v2018p01.xsd">
	<ttinv:MessageID schemeID="BERICHT_123456">token</ttinv:MessageID>
	<ttinv:SendingDateTime>2018-12-10T09:30:47Z</ttinv:SendingDateTime>
	<ttinv:SendingPartyID schemeID="GLN">8719324290005</ttinv:SendingPartyID>
	<ttinv:ReceivingPartyID schemeID="GLN">8718077000008</ttinv:ReceivingPartyID>
	<ttinv:MessageType>106</ttinv:MessageType>
	<ttinv:MessagePurposeCode>47</ttinv:MessagePurposeCode>
	<ttinv:Invoice>
		<ttinv:InvoiceID schemeID="REF">84729</ttinv:InvoiceID>
		<ttinv:InvoiceStatusCode>101</ttinv:InvoiceStatusCode>
		<ttinv:OrderReferenceID schemeID="REF">ORDER_NR_123456</ttinv:OrderReferenceID>
		<ttinv:InvoiceDateTime>2018-12-10T09:30:47Z</ttinv:InvoiceDateTime>
		<ttinv:ToBePayedDateTime>2019-01-01T09:30:47Z</ttinv:ToBePayedDateTime>
		<ttinv:CurrencyID>EUR</ttinv:CurrencyID>
		<ttinv:TotalAmountTaxExcluded>20362.56</ttinv:TotalAmountTaxExcluded>
		<ttinv:TotalTax>
			<ttinv:TaxPercentage>21.5</ttinv:TaxPercentage>
			<ttinv:TaxAmount>4276.14</ttinv:TaxAmount>
		</ttinv:TotalTax>		
		<ttinv:TotalAmountTaxIncluded>24638.70</ttinv:TotalAmountTaxIncluded>
		<ttinv:TradeParty>
			<ttinv:GlobalID schemeID="GLN">8718077000008</ttinv:GlobalID>
			<ttinv:TradePartyRoleCode>IV</ttinv:TradePartyRoleCode><!--IV=ToBeInvoiced-->
			<ttinv:TradePartyName>GMN BV</ttinv:TradePartyName>
			<ttinv:StreetNameAndNumber>Streetnaam</ttinv:StreetNameAndNumber>
			<ttinv:PostalCodeLocation>1234rt</ttinv:PostalCodeLocation>
			<ttinv:CityName>Cityname</ttinv:CityName>
			<ttinv:CountryCode>NL</ttinv:CountryCode>
			<ttinv:PostBoxNumber>Postbus 21</ttinv:PostBoxNumber>
			<ttinv:PostalCodePostBox>2215 ZG</ttinv:PostalCodePostBox>
			<ttinv:CityNamePostBox>VOORBURG</ttinv:CityNamePostBox>
			<ttinv:CountryCodePostBox>NL</ttinv:CountryCodePostBox>
			<ttinv:VATNumber>NL008275798B01</ttinv:VATNumber>
			<ttinv:IBAN>String</ttinv:IBAN>
		</ttinv:TradeParty>
		<ttinv:TradeParty>
			<ttinv:GlobalID schemeID="GLN">8719324290005</ttinv:GlobalID>
			<ttinv:TradePartyRoleCode>II</ttinv:TradePartyRoleCode><!--II=InvoiceIssuer-->
			<ttinv:TradePartyName>Holland Fyto</ttinv:TradePartyName>
			<ttinv:StreetNameAndNumber>Streetnaam</ttinv:StreetNameAndNumber>
			<ttinv:PostalCodeLocation>1234rt</ttinv:PostalCodeLocation>
			<ttinv:CityName>Cityname</ttinv:CityName>
			<ttinv:CountryCode>NL</ttinv:CountryCode>
			<ttinv:PostBoxNumber>Postbus 1077</ttinv:PostBoxNumber>
			<ttinv:PostalCodePostBox>8300 BB</ttinv:PostalCodePostBox>
			<ttinv:CityNamePostBox>EMMELOORD</ttinv:CityNamePostBox>
			<ttinv:CountryCodePostBox>NL</ttinv:CountryCodePostBox>
			<ttinv:VATNumber>NL009578468B01</ttinv:VATNumber>
			<ttinv:IBAN>NL25ABNA0509240216</ttinv:IBAN>
		</ttinv:TradeParty>
		<ttinv:TradeParty>
			<ttinv:GlobalID schemeID="GLN">8719324346712</ttinv:GlobalID>
			<ttinv:TradePartyRoleCode>ST</ttinv:TradePartyRoleCode><!--ST=ShippedTo-->
			<ttinv:TradePartyName>GMN BV</ttinv:TradePartyName>
			<ttinv:StreetNameAndNumber>Jacoba van Beierenweg 128 c,</ttinv:StreetNameAndNumber>
			<ttinv:PostalCodeLocation>2215 KX</ttinv:PostalCodeLocation>
			<ttinv:CityName>VOORHOUT</ttinv:CityName>
			<ttinv:CountryCode>NL</ttinv:CountryCode>
			<ttinv:PostBoxNumber>String</ttinv:PostBoxNumber>
			<ttinv:PostalCodePostBox>String</ttinv:PostalCodePostBox>
			<ttinv:CityNamePostBox>String</ttinv:CityNamePostBox>
			<ttinv:CountryCodePostBox>String</ttinv:CountryCodePostBox>
			<ttinv:VATNumber>NL009578468B01</ttinv:VATNumber>
			<ttinv:IBAN>NL25ABNA0509240216</ttinv:IBAN>			
		</ttinv:TradeParty>
		<ttinv:InvoiceLine>
			<ttinv:InvoiceLineID schemeID="REF">1</ttinv:InvoiceLineID>
			<ttinv:InvoicedQuantity unitCode="NBR">16</ttinv:InvoicedQuantity>
			<ttinv:ContractLineReferenceID schemeID="token">token</ttinv:ContractLineReferenceID>
			<ttinv:OrderLineReferenceID schemeID="REF">96021</ttinv:OrderLineReferenceID>
			<ttinv:OrderLineDate>2018-12-01T09:30:47Z</ttinv:OrderLineDate>
			<ttinv:DeliveryDate>2019-01-01T09:30:47Z</ttinv:DeliveryDate>
			<ttinv:Discount>0</ttinv:Discount>
			<ttinv:TaxPercentage>21.5</ttinv:TaxPercentage>
			<ttinv:InvoiceLineTotalAmount>1768</ttinv:InvoiceLineTotalAmount>
			<ttinv:ProductUnit>
				<ttinv:ProductUnitID_GTIN schemeID="GTIN">1234567890</ttinv:ProductUnitID_GTIN>
				<ttinv:ProductUnitTypeCode>102</ttinv:ProductUnitTypeCode>
				<ttinv:BatchID schemeID="REF">12345678</ttinv:BatchID>
				<ttinv:ProductUnitName>Dual Gold 960 EC</ttinv:ProductUnitName>
				<ttinv:ProductUnitPrice>22.10</ttinv:ProductUnitPrice>
				<ttinv:PacketSize unitCode="LTR">5</ttinv:PacketSize>			</ttinv:ProductUnit>
		</ttinv:InvoiceLine>
		<ttinv:InvoiceLine>
			<ttinv:InvoiceLineID schemeID="REF">2</ttinv:InvoiceLineID>
			<ttinv:InvoicedQuantity unitCode="NBR">90</ttinv:InvoicedQuantity>
			<ttinv:ContractLineReferenceID schemeID="token">token</ttinv:ContractLineReferenceID>
			<ttinv:OrderLineReferenceID schemeID="REF">96021</ttinv:OrderLineReferenceID>
			<ttinv:OrderLineDate>2018-12-01T09:30:47Z</ttinv:OrderLineDate>
			<ttinv:DeliveryDate>2019-01-01T09:30:47Z</ttinv:DeliveryDate>
			<ttinv:Discount>0</ttinv:Discount>
			<ttinv:TaxPercentage>21.5</ttinv:TaxPercentage>
			<ttinv:InvoiceLineTotalAmount>19008.00</ttinv:InvoiceLineTotalAmount>
			<ttinv:ProductUnit>
				<ttinv:ProductUnitID_GTIN schemeID="GTIN">1234561245</ttinv:ProductUnitID_GTIN>
				<ttinv:ProductUnitTypeCode>102</ttinv:ProductUnitTypeCode>
				<ttinv:BatchID schemeID="REF">123453456</ttinv:BatchID>
				<ttinv:ProductUnitName>Dual Gold 960 EC</ttinv:ProductUnitName>
				<ttinv:ProductUnitPrice>10</ttinv:ProductUnitPrice>
				<ttinv:PacketSize unitCode="LTR">10</ttinv:PacketSize>
			</ttinv:ProductUnit>
		</ttinv:InvoiceLine>
		<ttinv:Remark>
			<ttinv:TextFunctionTypeCode>105</ttinv:TextFunctionTypeCode>
			<ttinv:TextLines>Kenmerk machtiging: 100018. IBAN: NL81RABO0366037021</ttinv:TextLines>
		</ttinv:Remark>
	</ttinv:Invoice>
</ttinv:MessageHeader>
