<?xml version="1.0" encoding="UTF-8"?>
<!-- Example SalesOrder homogenius pallet from Holland Fyto to ADAMA-->
<ttord:MessageHeader xmlns:xsi="http://www.w3.org/2001/XMLSchema-instance" xmlns:ttord="http://www.agroconnect.nl/Portals/10/XSDs/TandT_CPP/v2018p01/TandT_CPP_Order_v2018p01" xsi:schemaLocation="http://www.agroconnect.nl/Portals/10/XSDs/TandT_CPP/v2018p01/TandT_CPP_Order_v2018p01 http://www.agroconnect.nl/Portals/10/XSDs/TandT_CPP/v2018p01/TandT_CPP_Order_v2018p01.xsd">
   <ttord:MessageID schemeID="REF">IO0000330366</ttord:MessageID>
   <ttord:SendingDateTime>2019-02-26T15:42:11Z</ttord:SendingDateTime>
   <ttord:SendingPartyID schemeID="GLN">8719324290005</ttord:SendingPartyID><!--GLN Holland Fyto>-->
   <ttord:ReceivingPartyID schemeID="GLN">8718077000008</ttord:ReceivingPartyID><!--GLN ADAMA-->
   <ttord:MessageType>101</ttord:MessageType><!--= Sales Order-->
   <ttord:MessagePurposeCode>53</ttord:MessagePurposeCode><!--= voor test-->
   <ttord:Order>
      <ttord:OrderID schemeID="REF">IO0000330366</ttord:OrderID>
      <ttord:OrderStatusCode>101</ttord:OrderStatusCode><!--= original-->
      <ttord:OrderDateTime>2019-02-26T15:42:11Z</ttord:OrderDateTime>
      <ttord:DeliveryTypeCode>102</ttord:DeliveryTypeCode><!--= Speed-->
      <ttord:CurrencyID>EUR</ttord:CurrencyID>
      <ttord:TradeParty>
         <ttord:GlobalID schemeID="GLN">8719324290005</ttord:GlobalID><!--GLN Holland Fyto-->
         <ttord:TradePartyRoleCode>IV</ttord:TradePartyRoleCode><!--= ToBeInvoiced-->
         <ttord:TradePartyName>Holland Fyto</ttord:TradePartyName>
         <ttord:PostBoxNumber>Postbus 1077</ttord:PostBoxNumber>
         <ttord:PostalCodePostBox>8300 BB</ttord:PostalCodePostBox>
         <ttord:CityNamePostBox>EMMELOORD</ttord:CityNamePostBox>
         <ttord:CountryCodePostBox>NLD</ttord:CountryCodePostBox>
         <ttord:VATNumber>NL009578468B01</ttord:VATNumber>
      </ttord:TradeParty>
      <ttord:TradeParty>
         <ttord:GlobalID schemeID="GLN">8719324290012</ttord:GlobalID><!--GLN Profyto-->
         <ttord:TradePartyRoleCode>ST</ttord:TradePartyRoleCode><!--= ShippedTo-->
         <ttord:TradePartyName>Profytodsd</ttord:TradePartyName>
         <ttord:StreetNameAndNumber>Revisieweg 3</ttord:StreetNameAndNumber>
         <ttord:PostalCodeLocation>8304 BE</ttord:PostalCodeLocation>
         <ttord:CityName>EMMELOORD</ttord:CityName>
         <ttord:CountryCode>NLD</ttord:CountryCode>
         <ttord:VATNumber>NL808842432B01</ttord:VATNumber>
      </ttord:TradeParty>
      <ttord:TradeParty>
         <ttord:GlobalID schemeID="GLN">8719324290012</ttord:GlobalID><!--GLN Holland Fyto-->
         <ttord:TradePartyRoleCode>OB</ttord:TradePartyRoleCode><!--OB= OrderedBy-->
         <ttord:TradePartyName>Profytodsd</ttord:TradePartyName>
      </ttord:TradeParty>
      <ttord:OrderLine>
         <ttord:OrderLineID schemeID="REF">0000330366-0001</ttord:OrderLineID>
         <ttord:OrderedQuantity unitCode="NBR">1</ttord:OrderedQuantity><!--1 pallet-->
         <ttord:ProductUnit>
            <ttord:ProductUnitTypeCode>101</ttord:ProductUnitTypeCode><!--= LogisticUnit-->
            <ttord:ProductUnitName>Uniforme pallet pallet Goltix SC (600 liter/30 trade units/120 consumer units)</ttord:ProductUnitName>
			<ttord:PackageTypeCode>PA</ttord:PackageTypeCode><!--= pallet-->
         </ttord:ProductUnit>
		<ttord:PackageProductUnitFirstLevel>
			<ttord:Quantity>30</ttord:Quantity><!--number of TradeUnits on the pallet-->
			<ttord:ProductUnit>
				<ttord:ProductUnitID_GTIN schemeID="GTIN">08718077002156</ttord:ProductUnitID_GTIN>
				<ttord:ProductUnitTypeCode>102</ttord:ProductUnitTypeCode><!-- = TradeUnit-->
				<ttord:ProductUnitName>Goltix SC</ttord:ProductUnitName>
				<ttord:PackageTypeCode>JY</ttord:PackageTypeCode><!--= Jerrican, cylindrical-->
			</ttord:ProductUnit>
		</ttord:PackageProductUnitFirstLevel>            
      </ttord:OrderLine>
      <ttord:OrderLine>
         <ttord:OrderLineID schemeID="REF">0000330366-0002</ttord:OrderLineID>
         <ttord:OrderedQuantity unitCode="NBR">1</ttord:OrderedQuantity><!--1 pallet-->
         <ttord:ProductUnit>
            <ttord:ProductUnitTypeCode>101</ttord:ProductUnitTypeCode><!--= LogisticUnit-->
            <ttord:ProductUnitName>Uniforme pallet Mirador Xtra (600 liter/30 trade units/120 consumer units)</ttord:ProductUnitName>
			<ttord:PackageTypeCode>PA</ttord:PackageTypeCode><!--= pallet-->
         </ttord:ProductUnit>
		<ttord:PackageProductUnitFirstLevel>
			<ttord:Quantity>30</ttord:Quantity><!--number of TradeUnits on the pallet-->
			<ttord:ProductUnit>
				<ttord:ProductUnitID_GTIN schemeID="GTIN">08718077012896</ttord:ProductUnitID_GTIN>
				<ttord:ProductUnitTypeCode>102</ttord:ProductUnitTypeCode><!-- = TradeUnit-->
				<ttord:ProductUnitName>Mirador Xtra</ttord:ProductUnitName>
				<ttord:PackageTypeCode>JY</ttord:PackageTypeCode><!--= Jerrican, cylindrical-->
			</ttord:ProductUnit>
		</ttord:PackageProductUnitFirstLevel>            
      </ttord:OrderLine>
   </ttord:Order>
</ttord:MessageHeader>
